shape,PyTorch (cuBLAS) (Latency (ms)),Triton TMA tiled (compiler WS) (Latency (ms)),Triton TMA persistent (compiler WS) (Latency (ms)),TLX persistent TCGen5/TMEM WS (Latency (ms)),Gluon persistent TCGen5/TMEM WS (Latency (ms))
256x256x256,0.006176,0.030336,0.033760,0.040192,0.040224
512x512x512,0.008256,0.030880,0.033984,0.040832,0.041344
1024x1024x1024,0.010272,0.032192,0.034880,0.042080,0.043024
2048x2048x2048,0.020512,0.036704,0.038944,0.045120,0.046112
4096x4096x4096,0.100320,0.129024,0.110560,0.112704,0.112608
1024x4096x4096,0.030784,0.039040,0.039936,0.045888,0.048128
4096x1024x4096,0.030752,0.038912,0.039936,0.046112,0.047136
4096x11008x4096,0.264128,0.370816,0.300992,0.307168,0.300992
4096x4096x11008,0.268384,0.358368,0.323584,0.305184,0.304128
